create database F1;

use F1;
drop database F1;

create table Equipe (
id_equipe int,
nome varchar(45),
escuderia varchar(60),
Pontuacao_equipe varchar(3),
primary key (id_equipe)
);

insert into Equipe values
(1,'Mercedes','Mercedes-AMG Petronas Motorsport','96'),
(2,'Ferrari','Scuderia Ferrari','78'),
(3,'Reed_Bull','Red Bull Racing','224'),
(4,'Alfa Romeo','Sauber F1 Team','6'),
(5,'Willians','Williams Racing','6'),
(6,'Mclaren','McLaren','14'),
(7,'Alpha tauri','Scuderia AlphaTauri','2'),
(8,'Haas','Haas F1 Team','8'),
(9,'Aston Martin','Aston Martin Aramco Cognizant Formula One Team','102'),
(10,'Alpine','Alpine F1 Team','14');

create table Cadastro (
idUsuario int unique key primary key auto_increment,
nome varchar(45),
email varchar(45),
senha varchar(45),
Voto_equipe int,
constraint fkEquipeCadastro foreign key (Voto_equipe) references Equipe(id_equipe)
)auto_increment = 1;

create table quiz (
idQuiz int auto_increment,
pontos varchar(3),
fk_cadastro_quiz int,
constraint fk_cadastro_quiz foreign key (fk_cadastro_quiz) references Cadastro(idUsuario),
primary key (idQuiz)
);

SELECT Equipe.nome,COUNT(*) AS Votos
FROM Cadastro join Equipe on Voto_equipe = id_equipe
GROUP BY Voto_equipe;

insert into cadastro values
(null,'luis','luis@gmail.com','1234','1'),
(null,'Helena','Helena@gmail.com','1234','2'),
(null,'Mariana','Mariana@gmail.com','1234','3'),
(null,'Mailê','Maile@gmail.com','1234','4'),
(null,'Alice','Alice@gmail.com','1234','5'),
(null,'Laura','Laura@gmail.com','1234','6'),
(null,'Lara','Lara@gmail.com','1234','7'),
(null,'Maria','Maria@gmail.com','1234','8'),
(null,'Letícia','Leticia@gmail.com','1234','9'),
(null,'Larissa','Larissa@gmail.com','1234','10'),
(null,'heitor','heitor@gmail.com','1234','1'),
(null,'luisGabriel','Gabriel@gmail.com','1234','2'),
(null,'Miguel','Miguel@gmail.com','1234','3'),
(null,'davi','Davi@gmail.com','1234','4'),
(null,'Lucas','lucas@gmail.com','1234','5'),
(null,'José','jose@gmail.com','1234','6'),
(null,'Lorenzo','Lorenzo@gmail.com','1234','7'),
(null,'Matteo','Matteo@gmail.com','1234','8'),
(null,'Matheus','Matheus@gmail.com','1234','9'),
(null,'Arthur','Arthur@gmail.com','1234','10'),
(null,'Henrique','Henrique@gmail.com','1234','1'),
(null,'Edgar','Edgar@gmail.com','1234','2'),
(null,'Tatiana','Tatiana@gmail.com','1234','3'),
(null,'Breno','Breno@gmail.com','1234','4'),
(null,'isadora','Isadora@gmail.com','1234','5'),
(null,'Antony','Antony@gmail.com','1234','6'),
(null,'Daniel','Daniel@gmail.com','1234','7'),
(null,'Bernardo','Bernardo@gmail.com','1234','8'),
(null,'Felipe','Felipe@gmail.com','1234','9'),
(null,'Joaquim','Joaquim@gmail.com','1234','10'),
(null,'Cristiane','Cristiane@gmail.com','1234','1'),
(null,'Rafael','Gustavo@gmail.com','1234','2'),
(null,'Iris','Iris@gmail.com','1234','3'),
(null,'Lorena','Lorena@gmail.com','1234','4'),
(null,'Rebeca','rebeca@gmail.com','1234','5'),
(null,'Theo','Theo@gmail.com','1234','6'),
(null,'levi','Levi@gmail.com','1234','7'),
(null,'Ana','Ana@gmail.com','1234','8'),
(null,'liz','Liz@gmail.com','1234','9'),
(null,'Yasmim','Yasmim@gmail.com','1234','10'),
(null,'Guilherme','Guilherme@gmail.com','1234','1'),
(null,'Maya','Maya@gmail.com','1234','2'),
(null,'luis','luis1@gmail.com','1234','1'),
(null,'Helena','Helena1@gmail.com','1234','2'),
(null,'Mariana','Mariana1@gmail.com','1234','3'),
(null,'Mailê','Maile1@gmail.com','1234','4'),
(null,'Alice','Alice1@gmail.com','1234','5'),
(null,'Laura','Laura1@gmail.com','1234','6'),
(null,'Lara','Lara1@gmail.com','1234','7'),
(null,'Maria','Maria1@gmail.com','1234','8'),
(null,'Letícia','Leticia1@gmail.com','1234','9'),
(null,'Larissa','Larissa1@gmail.com','1234','10'),
(null,'heitor','heitor1@gmail.com','1234','1'),
(null,'luisGabriel','Gabriel1@gmail.com','1234','2'),
(null,'Miguel','Miguel1@gmail.com','1234','3'),
(null,'davi','Davi1@gmail.com','1234','4'),
(null,'Lucas','lucas1@gmail.com','1234','5'),
(null,'José','jose1@gmail.com','1234','6'),
(null,'Lorenzo','Lorenzo1@gmail.com','1234','7'),
(null,'Matteo','Matteo1@gmail.com','1234','8'),
(null,'Matheus','Matheus1@gmail.com','1234','9'),
(null,'Arthur','Arthur1@gmail.com','1234','10'),
(null,'Henrique','Henrique1@gmail.com','1234','1'),
(null,'Edgar','Edgar1@gmail.com','1234','2'),
(null,'Tatiana','Tatiana1@gmail.com','1234','3'),
(null,'Breno','Breno1@gmail.com','1234','4'),
(null,'isadora','Isadora1@gmail.com','1234','5'),
(null,'Antony','Antony1@gmail.com','1234','6'),
(null,'Daniel','Daniel1@gmail.com','1234','7'),
(null,'Bernardo','Bernardo1@gmail.com','1234','8'),
(null,'Felipe','Felipe1@gmail.com','1234','9'),
(null,'Joaquim','Joaquim1@gmail.com','1234','10'),
(null,'Cristiane','Cristiane1@gmail.com','1234','1'),
(null,'Rafael','Gustavo1@gmail.com','1234','2'),
(null,'Iris','Iris1@gmail.com','1234','3'),
(null,'Lorena','Lorena1@gmail.com','1234','4'),
(null,'Rebeca','rebeca1@gmail.com','1234','5'),
(null,'Theo','Theo1@gmail.com','1234','6'),
(null,'levi','Levi1@gmail.com','1234','7'),
(null,'Ana','Ana1@gmail.com','1234','8'),
(null,'liz','Liz1@gmail.com','1234','9'),
(null,'Yasmim','Yasmim1@gmail.com','1234','10'),
(null,'Guilherme','Guilherme1@gmail.com','1234','1'),
(null,'Maya','Maya1@gmail.com','1234','2'),
(null,'luis','luis12@gmail.com','1234','1'),
(null,'Helena','Helena12@gmail.com','1234','2'),
(null,'Mariana','Mariana12@gmail.com','1234','3'),
(null,'Mailê','Maile12@gmail.com','1234','4'),
(null,'Alice','Alice12@gmail.com','1234','5'),
(null,'Laura','Laura12@gmail.com','1234','6'),
(null,'Lara','Lara12@gmail.com','1234','7'),
(null,'Maria','Maria12@gmail.com','1234','8'),
(null,'Letícia','Leticia12@gmail.com','1234','9'),
(null,'Larissa','Larissa12@gmail.com','1234','10'),
(null,'heitor','heitor12@gmail.com','1234','1'),
(null,'luisGabriel','Gabriel12@gmail.com','1234','2'),
(null,'Miguel','Miguel12@gmail.com','1234','3'),
(null,'davi','Davi12@gmail.com','1234','4'),
(null,'Lucas','lucas12@gmail.com','1234','5'),
(null,'José','jose12@gmail.com','1234','6'),
(null,'Lorenzo','Lorenzo12@gmail.com','1234','7'),
(null,'Matteo','Matteo12@gmail.com','1234','8'),
(null,'Matheus','Matheus12@gmail.com','1234','9'),
(null,'Arthur','Arthur12@gmail.com','1234','10'),
(null,'Henrique','Henrique12@gmail.com','1234','1'),
(null,'Edgar','Edgar12@gmail.com','1234','2'),
(null,'Tatiana','Tatiana12@gmail.com','1234','3'),
(null,'Breno','Breno12@gmail.com','1234','4'),
(null,'isadora','Isadora12@gmail.com','1234','5'),
(null,'Antony','Antony12@gmail.com','1234','6'),
(null,'Daniel','Daniel12@gmail.com','1234','7'),
(null,'Bernardo','Bernardo12@gmail.com','1234','8'),
(null,'Felipe','Felipe12@gmail.com','1234','9'),
(null,'Joaquim','Joaquim12@gmail.com','1234','10'),
(null,'Cristiane','Cristiane12@gmail.com','1234','1'),
(null,'Rafael','Gustavo12@gmail.com','1234','2'),
(null,'Iris','Iris12@gmail.com','1234','3'),
(null,'Lorena','Lorena12@gmail.com','1234','4'),
(null,'Rebeca','rebeca12@gmail.com','1234','5'),
(null,'Theo','Theo12@gmail.com','1234','6'),
(null,'levi','Levi12@gmail.com','1234','7'),
(null,'Ana','Ana12@gmail.com','1234','8'),
(null,'liz','Liz12@gmail.com','1234','9'),
(null,'Yasmim','Yasmim12@gmail.com','1234','10'),
(null,'Guilherme','Guilherme12@gmail.com','1234','1'),
(null,'Maya','Maya12@gmail.com','1234','2'),
(null,'luis','luis123@gmail.com','1234','1'),
(null,'Helena','Helena123@gmail.com','1234','2'),
(null,'Mariana','Mariana123@gmail.com','1234','3'),
(null,'Mailê','Maile123@gmail.com','1234','4'),
(null,'Alice','Alice123@gmail.com','1234','5'),
(null,'Laura','Laura123@gmail.com','1234','6'),
(null,'Lara','Lara123@gmail.com','1234','7'),
(null,'Maria','Maria123@gmail.com','1234','8'),
(null,'Letícia','Leticia123@gmail.com','1234','9'),
(null,'Larissa','Larissa123@gmail.com','1234','10'),
(null,'heitor','heitor123@gmail.com','1234','1'),
(null,'luisGabriel','Gabriel123@gmail.com','1234','2'),
(null,'Miguel','Miguel123@gmail.com','1234','3'),
(null,'davi','Davi123@gmail.com','1234','4'),
(null,'Lucas','lucas123@gmail.com','1234','5'),
(null,'José','jose123@gmail.com','1234','6'),
(null,'Lorenzo','Lorenzo123@gmail.com','1234','7'),
(null,'Matteo','Matteo123@gmail.com','1234','8'),
(null,'Matheus','Matheus123@gmail.com','1234','9'),
(null,'Arthur','Arthur123@gmail.com','1234','10'),
(null,'Henrique','Henrique123@gmail.com','1234','1'),
(null,'Edgar','Edgar123@gmail.com','1234','2'),
(null,'Tatiana','Tatiana123@gmail.com','1234','3'),
(null,'Breno','Breno123@gmail.com','1234','4'),
(null,'isadora','Isadora123@gmail.com','1234','5'),
(null,'Antony','Antony123@gmail.com','1234','6'),
(null,'Daniel','Daniel123@gmail.com','1234','7'),
(null,'Bernardo','Bernardo123@gmail.com','1234','8'),
(null,'Felipe','Felipe123@gmail.com','1234','9'),
(null,'Joaquim','Joaquim123@gmail.com','1234','10'),
(null,'Cristiane','Cristiane123@gmail.com','1234','1'),
(null,'Rafael','Gustavo123@gmail.com','1234','2'),
(null,'Iris','Iris213@gmail.com','1234','3'),
(null,'Lorena','Lorena123@gmail.com','1234','4'),
(null,'Rebeca','rebeca123@gmail.com','1234','5'),
(null,'Theo','Theo123@gmail.com','1234','6'),
(null,'levi','Levi123@gmail.com','1234','7'),
(null,'Ana','Ana123@gmail.com','1234','8'),
(null,'liz','Liz123@gmail.com','1234','9'),
(null,'Yasmim','Yasmim123@gmail.com','1234','10'),
(null,'Guilherme','Guilherme123@gmail.com','1234','1'),
(null,'Maya','Maya123@gmail.com','1234','2'),
(null,'luis','luis12344@gmail.com','1234','1'),
(null,'Helena','Helena1234@gmail.com','1234','2'),
(null,'Mariana','Mariana1234@gmail.com','1234','3'),
(null,'Mailê','Maile1234@gmail.com','1234','4'),
(null,'Alice','Alice1234@gmail.com','1234','5'),
(null,'Laura','Laura1234@gmail.com','1234','6'),
(null,'Lara','Lara1234@gmail.com','1234','7'),
(null,'Maria','Maria1234@gmail.com','1234','8'),
(null,'Letícia','Leticia1234@gmail.com','1234','9'),
(null,'Larissa','Larissa1234@gmail.com','1234','10'),
(null,'heitor','heitor1234@gmail.com','1234','1'),
(null,'luisGabriel','Gabriel1234@gmail.com','1234','2'),
(null,'Miguel','Miguel1234@gmail.com','1234','3'),
(null,'davi','Davi1234@gmail.com','1234','4'),
(null,'Lucas','lucas1234@gmail.com','1234','5'),
(null,'José','jose1234@gmail.com','1234','6'),
(null,'Lorenzo','Lorenzo1234@gmail.com','1234','7'),
(null,'Matteo','Matteo1234@gmail.com','1234','8'),
(null,'Matheus','Matheus1234@gmail.com','1234','9'),
(null,'Arthur','Arthur1234@gmail.com','1234','10'),
(null,'Henrique','Henrique1234@gmail.com','1234','1'),
(null,'Edgar','Edgar1234@gmail.com','1234','2'),
(null,'Tatiana','Tatiana1234@gmail.com','1234','3'),
(null,'Breno','Breno1234@gmail.com','1234','4'),
(null,'isadora','Isadora1234@gmail.com','1234','5'),
(null,'Antony','Antony1234@gmail.com','1234','6'),
(null,'Daniel','Daniel1234@gmail.com','1234','7'),
(null,'Bernardo','Bernardo1234@gmail.com','1234','8'),
(null,'Felipe','Felipe1234@gmail.com','1234','9'),
(null,'Joaquim','Joaquim1234@gmail.com','1234','10'),
(null,'Cristiane','Cristiane1234@gmail.com','1234','1'),
(null,'Rafael','Gustavo1234@gmail.com','1234','2'),
(null,'Iris','Iris1234@gmail.com','1234','3'),
(null,'Lorena','Lorena1234@gmail.com','1234','4'),
(null,'Rebeca','rebeca1234@gmail.com','1234','5'),
(null,'Theo','Theo1234@gmail.com','1234','6'),
(null,'levi','Levi1234@gmail.com','1234','7'),
(null,'Ana','Ana1234@gmail.com','1234','8'),
(null,'liz','Liz1234@gmail.com','1234','9'),
(null,'Yasmim','Yasmim1234@gmail.com','1234','10'),
(null,'Guilherme','Guilherme1234@gmail.com','1234','1'),
(null,'Maya','Maya1234@gmail.com','1234','2');
select * from Cadastro;

desc Piloto;

create table Piloto (
idPiloto int primary key auto_increment,
nome varchar(500),
sobrenome varchar(500),
dtNasc varchar(2),
fkEquipe int, constraint fkEquipePiloto foreign key (fKEquipe) references Equipe(id_equipe)
)auto_increment = 100;

insert into Piloto values
(null,'Lewis','Hamilton','38','1'),
(null,'George',' William Russell','25','1'),
(null,'Charles',' Marc Hervé Perceval Leclerc','25','2'),
(null,'Carlos',' Saínz Vázquez de Castro','28','2'),
(null,'Max',' Emilian Verstappen','25','3'),
(null,'Sergio',' Michel Pérez Mendoza','33','3'),
(null,'Valtteri',' Viktor Bottas','33','4'),
(null,'Guanyu',' zhou','23','4'),
(null,'Alexander',' Albon Ansusinha','27','5'),
(null,'Logan',' Hunter Sargeant','22','5'),
(null,'Lando',' norris','23','6'),
(null,'Oscar',' piastri','22','6'),
(null,'Yuki',' tsunoda','23','7'),
(null,'Hendrik',' Johannes Nicasius de Vries','28','7'),
(null,'Nicolas',' Hülkenberg','35','8'),
(null,'Kevin',' Jan Magnussen','30','8'),
(null,'Fernando',' Alonso Díaz','41','9'),
(null,'Lance',' Strulovitch','24','9'),
(null,'Pierre',' Jean-Jacques Gasly','27','10'),
(null,'Esteban',' José Jean-Pierre Ocon-Khelfane','26','10');

create table status_piloto (
idStaus int primary key,
pontos varchar(3),
inicio_f1 varchar(4),
podiuns varchar(5),
vitorias varchar(5),
fkPiloto int,
constraint fkPiloto foreign key (fkPiloto) references Piloto(idPiloto)
);

insert into status_piloto values
(1,'56','2007','192','103',100),
(2,'25','2019','9','1',101),
(3,'34','2018','25','5',102),
(4,'44','2015','15','1',103),
(5,'119','2015','82','38',104),
(6,'105','2011','30','6',105),
(7,'4','2013','167','10',106),
(8,'2','2022','0','0',107),
(9,'1','2019','2','0',108),
(10,'0','2023','0','0',109),
(11,'10','2019','6','0',110),
(12,'4','2023','0','0',111),
(13,'2','2021','0','0',112),
(14,'0','2023','0','0',113),
(15,'6','2010','0','0',114),
(16,'2','2014','1','0',115),
(17,'75','2001','102','32',116),
(18,'27','2017','3','0',117),
(19,'8','2017','3','1',118),
(20,'4','2019','2','1',119);

select nome, Pontuacao_equipe as Pontos_Construtores from Equipe;

select * from Equipe join Piloto on fkEquipe = id_equipe join status_piloto on fkpiloto = idPiloto;

select 
    p1.idPiloto, p1.nome, p1.dtNasc, p1.fkEquipe, 
    p2.idPiloto, p2.nome, p2.dtNasc, p2.fkEquipe 
FROM 
    Piloto p1 
JOIN 
    Piloto p2 ON p1.fkEquipe = p2.fkEquipe 
WHERE 
    p1.nome < p2.nome;
SELECT 
    p1.idPiloto, p1.nome, p1.dtNasc, p1.fkEquipe, 
    p2.idPiloto, p2.nome, p2.dtNasc, p2.fkEquipe 
FROM 
    Piloto p1 
JOIN 
    Piloto p2 ON p1.fkEquipe = p2.fkEquipe 
WHERE 
    p1.idPiloto < p2.idPiloto;
